Index;CPUs;"15N-openmp-parallel-icc2015";sd
1;1;46.7418397;0.0143816219325
2;2;28.3463232;0.0260144384287
3;4;17.2000805;0.47339372685
4;8;12.569048;0.39936417695