CPUs;"Ideal";"15N-openmp-parallel-icc2015"
1;1;1.0
2;2;1.64895599934
4;4;2.71753610107
8;8;3.71880509168