Index;CPUs;"15N-openmp-parallel-icc";sd
1;1;48.0246088;0.0104646881444
2;2;29.1241804444;0.0312508228696
3;4;17.9501127;0.596526411987
4;8;12.5637869;0.250319249292