Index;CPUs;"15N-openmp-task-gcc";sd
1;1;39.8273445;0.115835880967
2;2;19.9746239;0.0119952518644
3;4;10.7921023;0.00222222586836
4;8;9.0605426;0.0205218328431