Index;CPUs;"15N-openmp-task-icc";sd
1;1;52.3585077;0.00984068862479
2;2;26.3287628;0.0159302836058
3;4;13.7949979;0.00389930884773
4;8;11.0909998;0.00345037035114