CPUs;"Ideal";"15N-openmp-task-pgi"
1;1;1.0
2;2;1.98544909207
4;4;3.74401860648
8;8;4.63852137589