Index;CPUs;"15N-openmp-task-icc2015";sd
1;1;53.9379823;0.0208395522939
2;2;27.0783625;0.00581462463535
3;4;14.1869626;0.00498952044189
4;8;11.1923938;0.00634023216925