CPUs;"Ideal";"15N-openmp-parallel-icc"
1;1;1.0
2;2;1.66771549144
4;4;2.67544887337
8;8;3.82246285951