CPUs;"Ideal";"15N-openmp-parallel-gcc"
1;1;1.0
2;2;1.63157123135
4;4;2.78044746444
8;8;3.80865073987