Index;CPUs;"15N-openmp-parallel-pgi";sd
1;1;57.4266228;0.0564701342849
2;2;34.9522182;0.0440955174928
3;4;21.1424471;0.431021700582
4;8;15.5426434;0.316803628703