CPUs;"Ideal";"15N-openmp-parallel-pgi"
1;1;1.0
2;2;1.64300367065
4;4;2.71617672866
8;8;3.69477837985