CPUs;"Ideal";"15N-openmp-task-gcc"
1;1;1.0
2;2;1.9938970916
4;4;3.6904157682
8;8;4.3956908828