Index;CPUs;"15N-openmp-task-pgi";sd
1;1;58.5061284;0.00994108924817
2;2;29.4674533;0.0389220645625
3;4;15.6265592;0.0261216719442
4;8;12.6130988;0.0622165420524