CPUs;"Ideal";"15N-openmp-task-icc2015"
1;1;1.0
2;2;1.99192186381
4;4;3.80194012071
8;8;4.8191640916