Index;CPUs;"15N-openmp-parallel-gcc";sd
1;1;47.6536103;0.061513838001
2;2;29.2071896;0.0760477485942
3;4;17.1388278;0.363368274941
4;8;12.5119402;0.20043237605