CPUs;"Ideal";"15N-openmp-task-icc"
1;1;1.0
2;2;1.98864291869
4;4;3.79547050892
8;8;4.72081044488