CPUs;"Ideal";"14N-manual (5)"
1;1;1.0
2;2;1.98639437704
4;4;3.79290296783
8;8;4.07839877481