Index;CPUs;"14N-manual (5)";sd
1;1;45.0207899;0.00584945030665
2;2;22.6645778;0.00403407748562
3;4;11.8697447;0.00489374163703
4;8;11.0388396;0.00318099469349