Index;Size;"4 Thread(s)-none";"4 Thread(s)-pragma-if";"4 Thread(s)-manual"
1;14N;106.7695697;23.0109022;13.7845537
2;15N;562.146503636;164.1216637;105.9517829