Index;CPUs;"14N-manual (5)";sd
1;1;47.0087397;0.00602676815632
2;2;23.6066207;0.00251160646002
3;4;12.3690609;0.00378340924168
4;8;10.8478319;0.00179745934307