CPUs;"Ideal";"14N-manual (5)"
1;1;1.0
2;2;1.991337104
4;4;3.80051000477
8;8;4.33346867221