CPUs;"Ideal";"14N-manual (4)"
1;1;1.0
2;2;1.99496389507
4;4;3.71352531914
8;8;4.65823336917