Index;CPUs;"14N-manual (4)";sd
1;1;51.1667867;0.051188251873
2;2;25.6479763;0.0956308871234
3;4;13.7784941;0.0229884420283
4;8;10.9841613;0.044572744542