CPUs;"Ideal";"14N-manual (4)"
1;1;1.0
2;2;2.00743193748
4;4;3.81533381628
8;8;4.23196187211