Index;CPUs;"14N-manual (4)";sd
1;1;46.6246196;0.009307228537
2;2;23.2260027;0.00511524091417
3;4;12.2203251;0.0531369278345
4;8;11.0172589;0.00067945499483